{
  "intents": [
    {
      "intent": "CreateCardIntent",
      "slots": [
        {
          "name": "name",
          "type": "AMAZON.LITERAL"

        },
        {
          "name":"idlist",
          "type":"NAME_OF_LIST"
        },
        { 
          "name": "desc",
          "type": "AMAZON.LITERAL"
        }
      ]
    },
    {
      "intent": "UpdateCardIntent",
      "slots":[
        {
          "name": "name",
          "type": "AMAZON.LITERAL"
        },
        {
          "name": "due",
          "type": "AMAZON.DATE"
        },
        {
          "name": "label",
          "type": "LIST_OF_COLORS"
        },
        {
          "name": "member",
          "type": "LIST_OF_MEMBERS"
        }
      ]
    },
        {
      "intent": "MoveCardIntent",
      "slots":[
        {
          "name": "idlist",
          "type": "NAME_OF_LIST"
        }
      ]
    },
    {
      "intent": "AMAZON.HelpIntent"
    },
    {
      "intent": "AMAZON.StopIntent"
    },
    {
      "intent": "AMAZON.CancelIntent"
    }
  ]
}