{
  "intents": [
    {
      "intent": "CreateCardIntent",
      "slots": [
        {
          "name": "name",
          "type": "AMAZON.LITERAL"

        },
        {
          "name":"idlist",
          "type":"NAME_OF_LIST"
        },
        { 
          "name": "desc",
          "type": "AMAZON.LITERAL"
        }
      ]
    },
    {
      "intent": "TellScoresIntent"
    },
    {
      "intent": "AMAZON.HelpIntent"
    },
    {
      "intent": "AMAZON.StopIntent"
    },
    {
      "intent": "AMAZON.CancelIntent"
    }
  ]
}